{"cshcr_coin_list":[{"id":"6","coin_id":"7605","name":"ETH","symbol":"ETH","coin_name":"Ethereum","full_name":"Ethereum (ETH)","image_url":"http:\/\/dev.joomexp.com\/wordpress\/cryptech\/wp-content\/uploads\/csh-crypto\/eth_logo.png","sort_order":"2"},{"id":"5","coin_id":"3808","name":"LTC","symbol":"LTC","coin_name":"Litecoin","full_name":"Litecoin (LTC)","image_url":"http:\/\/dev.joomexp.com\/wordpress\/cryptech\/wp-content\/uploads\/csh-crypto\/litecoin-logo.png","sort_order":"3"},{"id":"7","coin_id":"1182","name":"BTC","symbol":"BTC","coin_name":"Bitcoin","full_name":"Bitcoin (BTC)","image_url":"http:\/\/dev.joomexp.com\/wordpress\/cryptech\/wp-content\/uploads\/csh-crypto\/btc.png","sort_order":"1"},{"id":"8","coin_id":"5031","name":"XRP","symbol":"XRP","coin_name":"Ripple","full_name":"Ripple (XRP)","image_url":"http:\/\/dev.joomexp.com\/wordpress\/cryptech\/wp-content\/uploads\/csh-crypto\/ripple.png","sort_order":"12"},{"id":"9","coin_id":"8767","name":"STR*","symbol":"STR*","coin_name":"StarCoin","full_name":"StarCoin (STR*)","image_url":"http:\/\/dev.joomexp.com\/wordpress\/cryptech\/wp-content\/uploads\/csh-crypto\/str.png","sort_order":"460"},{"id":"10","coin_id":"1183","name":"NXT","symbol":"NXT","coin_name":"Nxt","full_name":"Nxt (NXT)","image_url":"http:\/\/dev.joomexp.com\/wordpress\/cryptech\/wp-content\/uploads\/csh-crypto\/nxt.png","sort_order":"6"},{"id":"11","coin_id":"5038","name":"XMR","symbol":"XMR","coin_name":"Monero","full_name":"Monero (XMR)","image_url":"http:\/\/dev.joomexp.com\/wordpress\/cryptech\/wp-content\/uploads\/csh-crypto\/xmr.png","sort_order":"5"},{"id":"12","coin_id":"17778","name":"REP","symbol":"REP","coin_name":"Augur","full_name":"Augur (REP)","image_url":"http:\/\/dev.joomexp.com\/wordpress\/cryptech\/wp-content\/uploads\/csh-crypto\/augur-logo.png","sort_order":"498"},{"id":"13","coin_id":"24854","name":"ZEC","symbol":"ZEC","coin_name":"ZCash","full_name":"ZCash (ZEC)","image_url":"http:\/\/dev.joomexp.com\/wordpress\/cryptech\/wp-content\/uploads\/csh-crypto\/zec.png","sort_order":"9"},{"id":"14","coin_id":"202330","name":"BCH","symbol":"BCH","coin_name":"Bitcoin Cash \/ BCC","full_name":"Bitcoin Cash \/ BCC (BCH)","image_url":"http:\/\/dev.joomexp.com\/wordpress\/cryptech\/wp-content\/uploads\/csh-crypto\/bch.jpg","sort_order":"1425"},{"id":"15","coin_id":"4524","name":"FTC","symbol":"FTC","coin_name":"FeatherCoin","full_name":"FeatherCoin (FTC)","image_url":"http:\/\/dev.joomexp.com\/wordpress\/cryptech\/wp-content\/uploads\/csh-crypto\/ftc.png","sort_order":"120"},{"id":"16","coin_id":"5018","name":"VTC","symbol":"VTC","coin_name":"VertCoin","full_name":"VertCoin (VTC)","image_url":"http:\/\/dev.joomexp.com\/wordpress\/cryptech\/wp-content\/uploads\/csh-crypto\/vtc.png","sort_order":"232"},{"id":"17","coin_id":"5039","name":"BTS","symbol":"BTS","coin_name":"Bitshares","full_name":"Bitshares (BTS)","image_url":"http:\/\/dev.joomexp.com\/wordpress\/cryptech\/wp-content\/uploads\/csh-crypto\/bts.png","sort_order":"10"},{"id":"18","coin_id":"5324","name":"ETC","symbol":"ETC","coin_name":"Ethereum Classic","full_name":"Ethereum Classic (ETC)","image_url":"http:\/\/dev.joomexp.com\/wordpress\/cryptech\/wp-content\/uploads\/csh-crypto\/etc2.png","sort_order":"7"},{"id":"19","coin_id":"187440","name":"OMG","symbol":"OMG","coin_name":"OmiseGo","full_name":"OmiseGo (OMG)","image_url":"http:\/\/dev.joomexp.com\/wordpress\/cryptech\/wp-content\/uploads\/csh-crypto\/omisego.png","sort_order":"1362"}]}